from,to,relation,year
netflix,thth,4,99
thth,thth_2023,2,2023
thth_2023,sadi,1,2023
thth_2023,maca,1,2023
thth_2023,stst,1,2023
thth_2023,dedo,1,2023
thth_2023,onal,1,2023
thth_2023,fuak,1,2023
thth_2023,solo,1,2023
thth_2023,anst,1,2023
thth_2023,olnu,1,2023
thth_2023,keni,1,2023
thth_2023,fafa,1,2023
thth_2023,lamu,1,2023
thth_2023,emhu,1,2023
thth_2023,tokl,1,2023
pro7_sat1,tbatn,4,99
tbatn,tbatn_2024,2,2024
tbatn_2024,kiha,1,2024
tbatn_2024,savas,1,2024
tbatn_2024,shsc,1,2024
tbatn_2024,babu,1,2024
tbatn_2024,lino,1,2024
tbatn_2024,nesc,1,2024
tbatn_2024,vane,1,2024
tbatn_2024,chok,1,2024
tbatn_2024,cose,1,2024
tbatn_2024,joel,1,2024
tbatn_2024,sam,1,2024
tbatn_2024,kili,1,2024
tbatn_2024,pier,1,2024
tbatn_2024,mike1,1,2024
tbatn_2024,krun,1,2024
tbatn_2024,danie,1,2024
tbatn,tbatn_2023,2,2023
tbatn_2023,semo,1,2023
tbatn_2023,nabe,1,2023
tbatn_2023,juwo,1,2023
tbatn_2023,seli,1,2023
tbatn_2023,bren,1,2023
tbatn_2023,wado,1,2023
tbatn_2023,beve,1,2023
tbatn_2023,chbr,1,2023
tbatn_2023,stef,1,2023
tbatn_2023,flor,1,2023
tbatn_2023,samu,1,2023
tbatn_2023,davi,1,2023
tbatn_2023,mala,1,2023
tbatn_2023,domi,1,2023
tbatn_2023,mike2,1,2023
tbatn_2023,alex,1,2023
tbatn,tbatn_2021,2,2021
tbatn_2021,meem,1,2021
tbatn_2021,moam,1,2021
tbatn_2021,rira,1,2021
tbatn_2021,alle,1,2021
tbatn_2021,heba,1,2021
tbatn_2021,ceas,1,2021
tbatn_2021,losc,1,2021
tbatn_2021,wikt,1,2021
tbatn_2021,jumo,1,2021
tbatn_2021,tere,1,2021
tbatn_2021,cao,1,2021
tbatn_2021,chri,1,2021
tbatn_2021,jere,1,2021
tbatn_2021,leon,1,2021
tbatn_2021,luca1,1,2021
tbatn_2021,markus,1,2021
tbatn_2021,volk,1,2021
tbatn,tbatn_2020,2,2020
tbatn_2020,anan,1,2020
tbatn_2020,emru,1,2020
tbatn_2020,kisch,1,2020
tbatn_2020,mabr,1,2020
tbatn_2020,vilu,1,2020
tbatn_2020,chgr,1,2020
tbatn_2020,sakl,1,2020
tbatn_2020,kaiw,1,2020
tbatn_2020,seme,1,2020
tbatn_2020,elga,1,2020
tbatn_2020,svek,1,2020
tbatn_2020,ilku,1,2020
tbatn_2020,juli,1,2020
tbatn_2020,svel,1,2020
tbatn_2020,jenn,1,2020
tbatn_2020,dion,1,2020
tbatn_2020,flam,1,2020
rtl,ba,4,99
ba,ba_2020,2,2020
ba_2020,anmi,1,2020
ba_2020,wips,1,2020
ba_2020,bisc,1,2020
ba_2020,deko,1,2020
ba_2020,dezu,1,2020
ba_2020,lire,1,2020
ba_2020,dika,1,2020
ba_2020,ispa,1,2020
ba_2020,lapa,1,2020
ba_2020,lekr,1,2020
ba_2020,navr,1,2020
ba_2020,jera,1,2020
ba_2020,jeku,1,2020
ba_2020,jesc,1,2020
ba_2020,jeth,1,2020
ba_2020,jefi,1,2020
ba_2020,juca,1,2020
ba_2020,miro,1,2020
ba_2020,jebr,1,2020
ba_2020,rehu,1,2020
ba_2020,vagu,1,2020
ba_2020,jewe,1,2020
ba_2020,sepr,1,2020
ba,ba_2021,2,2021
ba_2021,nigr,1,2021
ba_2021,anco,1,2021
ba_2021,dego,1,2021
ba_2021,dehe,1,2021
ba_2021,esko,1,2021
ba_2021,hake,1,2021
ba_2021,jabi,1,2021
ba_2021,jasieg,1,2021
ba_2021,kawa,1,2021
ba_2021,kila,1,2021
ba_2021,kiha,1,2021
ba_2021,labu,1,2021
ba_2021,lino,1,2021
ba_2021,mach,1,2021
ba_2021,meli,1,2021
ba_2021,miro,1,2021
ba_2021,migw,1,2021
ba_2021,naac,1,2021
ba_2021,niro,1,2021
ba_2021,nalo,1,2021
ba_2021,stde,1,2021
ba_2021,ststa,1,2021
ba_2021,viof,1,2021
ba,ba_2022,2,2022
ba_2022,dost,1,2022
ba_2022,anros,1,2022
ba_2022,beot,1,2022
ba_2022,bola,1,2022
ba_2022,chfr,1,2022
ba_2022,chma,1,2022
ba_2022,chau,1,2022
ba_2022,chni,1,2022
ba_2022,chru,1,2022
ba_2022,clle,1,2022
ba_2022,elsc,1,2022
ba_2022,emst,1,2022
ba_2022,frte,1,2022
ba_2022,gipa,1,2022
ba_2022,irze,1,2022
ba_2022,jahe,1,2022
ba_2022,jech,1,2022
ba_2022,jofi,1,2022
ba_2022,laho,1,2022
ba_2022,nadl,1,2022
ba_2022,newu,1,2022
ba_2022,subo,1,2022
ba_2022,vape,1,2022
ba_2022,vibo,1,2022
ba_2022,yavo,1,2022
ba,ba_2023,2,2023
ba_2023,daja,1,2023
ba_2023,alch,1,2023
ba_2023,anut,1,2023
ba_2023,chdu,1,2023
ba_2023,cosc,1,2023
ba_2023,dali,1,2023
ba_2023,dahe,1,2023
ba_2023,fibl,1,2023
ba_2023,gila,1,2023
ba_2023,heko,1,2023
ba_2023,jani,1,2023
ba_2023,lela,1,2023
ba_2023,limi,1,2023
ba_2023,liro,1,2023
ba_2023,marut,1,2023
ba_2023,maschr,1,2023
ba_2023,mabe,1,2023
ba_2023,nevi,1,2023
ba_2023,pagh,1,2023
ba_2023,reri,1,2023
ba_2023,sask,1,2023
ba_2023,tane,1,2023
ba_2023,xema,1,2023
ba_2023,yola,1,2023
ba,ba_2024,2,2024
ba_2024,sekl,1,2024
ba_2024,degr,1,2024
ba_2024,anlo,1,2024
ba_2024,anwi,1,2024
ba_2024,anpo,1,2024
ba_2024,biho,1,2024
ba_2024,bray,1,2024
ba_2024,evth,1,2024
ba_2024,faal,1,2024
ba_2024,frth,1,2024
ba_2024,giwa,1,2024
ba_2024,ina,1,2024
ba_2024,jeko,1,2024
ba_2024,jeba,1,2024
ba_2024,kage,1,2024
ba_2024,kiko,1,2024
ba_2024,kihe,1,2024
ba_2024,lasc,1,2024
ba_2024,labo,1,2024
ba_2024,lada,1,2024
ba_2024,laus,1,2024
ba_2024,lavi,1,2024
ba_2024,leoni,1,2024
ba_2024,ligl,1,2024
ba_2024,lisl,1,2024
ba_2024,lako,1,2024
ba_2024,jasm,1,2024
ba_2024,nagu,1,2024
ba_2024,rear,1,2024
ba_2024,sebo,1,2024
ba_2024,vima,1,2024
ba_2024,step,1,2024
pro7_sat1,dn,3,99
dn,dn_2023,2,2023
dn_2023,fapa,1,2023
dn_2023,lego,1,2023
dn_2023,jasi,1,2023
dn_2023,marij,1,2023
dn_2023,ante,1,2023
dn_2023,zosa,1,2023
dn_2023,nalo,1,2023
dn_2023,sari,1,2023
dn_2023,giru,1,2023
dn_2023,deno,1,2023
dn_2023,wiso,1,2023
dn_2023,jaso,1,2023
dn_2023,nikl,1,2023
dn_2023,shhe,1,2023
dn_2023,lisa,1,2023
dn_2023,tome,1,2023
dn_2023,maric,1,2023
dn_2023,jaze,1,2023
dn_2023,rozi,1,2023
dn_2023,elwo,1,2023
dn_2023,dist,1,2023
dn_2023,sole,1,2023
dn_2023,pasp,1,2023
dn_2023,lari,1,2023
dn_2023,tina,1,2023
dn_2023,stho,1,2023
dn_2023,kisc,1,2023
dn_2023,jadu,1,2023
dn_2023,davg,1,2023
dn_2023,mimu,1,2023
dn,dn_2024,2,2024
dn_2024,meem,1,2024
dn_2024,thlo,1,2024
dn_2024,vale,1,2024
dn_2024,veam,1,2024
dn_2024,kake,1,2024
dn_2024,comu,1,2024
dn_2024,stel,1,2024
dn_2024,selin,1,2024
dn_2024,makl,1,2024
dn_2024,wipa,1,2024
dn_2024,tim,1,2024
dn_2024,pasc,1,2024
dn_2024,asak,1,2024
dn_2024,alko,1,2024
dn_2024,emma1,1,2024
dn_2024,alic,1,2024
dn_2024,mark,1,2024
dn_2024,alexa,1,2024
dn_2024,lili,1,2024
dn_2024,phbu,1,2024
dn_2024,anma,1,2024
dn_2024,peku,1,2024
dn_2024,mari,1,2024
dn_2024,lex,1,2024
rtl,eotb,3,99
eotb,eotb_2020,2,2020
eotb_2020,feka,1,2020
eotb_2020,chdi,1,2020
eotb_2020,mida,1,2020
eotb_2020,lubi,1,2020
eotb_2020,wado,1,2020
eotb_2020,lora,1,2020
eotb_2020,padi,1,2020
eotb_2020,olli,1,2020
eotb_2020,mahen,1,2020
eotb_2020,arab,1,2020
eotb_2020,chba,1,2020
eotb_2020,beow,1,2020
eotb_2020,masc,1,2020
eotb_2020,jala,1,2020
eotb_2020,faoc,1,2020
eotb_2020,aahu,1,2020
eotb,eotb_2021,2,2021
eotb_2021,roza,1,2021
eotb_2021,tiad,1,2021
eotb_2021,cepo,1,2021
eotb_2021,laba,1,2021
eotb_2021,sasi,1,2021
eotb_2021,disa,1,2021
eotb_2021,meha,1,2021
eotb_2021,tope,1,2021
eotb_2021,chmel,1,2021
eotb_2021,chgr,1,2021
eotb_2021,deno,1,2021
eotb_2021,fibu,1,2021
eotb_2021,hata,1,2021
eotb_2021,tata,1,2021
eotb_2021,vama,1,2021
eotb_2021,maher,1,2021
eotb_2021,haan,1,2021
eotb,eotb_2022,2,2022
eotb_2022,lubi,1,2022
eotb_2022,jila,1,2022
eotb_2022,gibe,1,2022
eotb_2022,maru,1,2022
eotb_2022,rosc,1,2022
eotb_2022,romi,1,2022
eotb_2022,uycg,1,2022
eotb_2022,cebe,1,2022
eotb_2022,karu,1,2022
eotb_2022,lela,1,2022
eotb_2022,lama,1,2022
eotb_2022,joja,1,2022
eotb_2022,leic,1,2022
eotb_2022,anif,1,2022
eotb_2022,seru,1,2022
eotb_2022,cape,1,2022
eotb_2022,sano,1,2022
eotb_2022,mida,1,2022
eotb_2022,mabel,1,2022
eotb_2022,lobu,1,2022
eotb_2022,dehe,1,2022
eotb_2022,mazi,1,2022
eotb,eotb_2023,2,2023
eotb_2023,palj,1,2023
eotb_2023,chan,1,2023
eotb_2023,cana,1,2023
eotb_2023,kijo,1,2023
eotb_2023,gaal,1,2023
eotb_2023,rogr,1,2023
eotb_2023,joja,1,2023
eotb_2023,lape,1,2023
eotb_2023,mafu,1,2023
eotb_2023,anha,1,2023
eotb_2023,mawi,1,2023
eotb_2023,topi,1,2023
eotb_2023,beja,1,2023
eotb_2023,gewo,1,2023
eotb_2023,mihe,1,2023
eotb_2023,jehn,1,2023
eotb_2023,dobr,1,2023
eotb,eotb_2024,2,2024
eotb_2024,chla,1,2024
eotb_2024,maka,1,2024
eotb_2024,faju,1,2024
eotb_2024,phma,1,2024
eotb_2024,rywo,1,2024
eotb_2024,shto,1,2024
eotb_2024,nasc,1,2024
eotb_2024,siho,1,2024
eotb_2024,ella,1,2024
eotb_2024,nemi,1,2024
eotb_2024,chha,1,2024
eotb_2024,stsc,1,2024
eotb_2024,jogu,1,2024
eotb_2024,jele,1,2024
eotb_2024,alwi,1,2024
eotb_2024,alwin,1,2024
eotb_2024,naba,1,2024
eotb_2024,alsm,1,2024
eotb_2024,pana,1,2024
eotb_2024,edpi,1,2024
eotb_2024,erbe,1,2024
eotb_2024,baco,1,2024
eotb_2024,mikl,1,2024
eotb_2024,jula,1,2024
eotb_2024,uzga,1,2024
eotb_2024,jeac,1,2024
eotb_2024,dobe,1,2024
eotb_2024,abka,1,2024
pro7_sat1,reality_shore,3,99
paramount_plus,germany_shore,3,99
reality_shore,rs_2021,2,2021
rs_2021,beri,1,2021
rs_2021,yamo,1,2021
rs_2021,wado,1,2021
rs_2021,miroc,1,2021
rs_2021,nihu,1,2021
rs_2021,jefi,1,2021
rs_2021,embr,1,2021
rs_2021,nisc,1,2021
rs_2021,jebi,1,2021
rs_2021,dacr,1,2021
rs_2021,gial,1,2021
rs_2021,navi,1,2021
rs_2021,sise,1,2021
rs_2021,anbr,1,2021
rs_2021,cakl,1,2021
rs_2021,meha,1,2021
rs_2021,elmi,1,2021
germany_shore,gs_2022,2,2022
gs_2022,anro,1,2022
gs_2022,beri,1,2022
gs_2022,albe,1,2022
gs_2022,hasu,1,2022
gs_2022,jebi,1,2022
gs_2022,jost,1,2022
gs_2022,veam,1,2022
gs_2022,yamo,1,2022
gs_2022,wado,1,2022
gs_2022,jutk,1,2022
gs_2022,embr,1,2022
gs_2022,emmi,1,2022
gs_2022,miroc,1,2022
gs_2022,dafi,1,2022
gs_2022,peku,1,2022
gs_2022,fapa,1,2022
gs_2022,gewo,1,2022
gs_2022,malu,1,2022
germany_shore,gs_2023,2,2023
gs_2023,aqc,1,2023
gs_2023,boch,1,2023
gs_2023,jebi,1,2023
gs_2023,jost,1,2023
gs_2023,jutk,1,2023
gs_2023,maop,1,2023
gs_2023,maeg,1,2023
gs_2023,misc,1,2023
gs_2023,palj,1,2023
gs_2023,rajs,1,2023
gs_2023,sefe,1,2023
gs_2023,tope,1,2023
gs_2023,wado,1,2023
gs_2023,nuel,1,2023
gs_2023,hasu,1,2023
gs_2023,jefi,1,2023
gs_2023,marh,1,2023
gs_2023,papa,1,2023
gs_2023,beri,1,2023
gs_2023,eito,1,2023
gs_2023,nahe,1,2023
rtl,ba_f,3,99
ba_f,ba_f_2020,2,2020
ba_f,ba_f_2021,2,2021
ba_f,ba_f_2022,2,2022
ba_f,ba_f_2023,2,2023
ba_f,ba_f_2024,2,2024
ba_f_2020,meda,1,2020
ba_f_2020,chmo,1,2020
ba_f_2020,sehu,1,2020
ba_f_2020,roen,1,2020
ba_f_2020,lesa,1,2020
ba_f_2020,dagi,1,2020
ba_f_2020,alge,1,2020
ba_f_2020,emoz,1,2020
ba_f_2020,masch,1,2020
ba_f_2020,loam,1,2020
ba_f_2020,flsz,1,2020
ba_f_2020,daba,1,2020
ba_f_2020,algo,1,2020
ba_f_2020,pako,1,2020
ba_f_2020,daml,1,2020
ba_f_2020,anbi,1,2020
ba_f_2020,adpe,1,2020
ba_f_2020,daha,1,2020
ba_f_2020,sepa,1,2020
ba_f_2020,mobr,1,2020
ba_f_2020,magr,1,2020
ba_f_2021,mahe,1,2021
ba_f_2021,ziba,1,2021
ba_f_2021,rafa,1,2021
ba_f_2021,daca,1,2021
ba_f_2021,tolu,1,2021
ba_f_2021,nibi,1,2021
ba_f_2021,juda,1,2021
ba_f_2021,maad,1,2021
ba_f_2021,lekn,1,2021
ba_f_2021,roja,1,2021
ba_f_2021,mawit,1,2021
ba_f_2021,niul,1,2021
ba_f_2021,keul,1,2021
ba_f_2021,made,1,2021
ba_f_2021,lama,1,2021
ba_f_2021,keen,1,2021
ba_f_2021,jost,1,2021
ba_f_2021,helu,1,2021
ba_f_2021,bepf,1,2021
ba_f_2021,guma,1,2021
ba_f_2021,dobo,1,2021
ba_f_2022,shba,1,2022
ba_f_2022,alcho,1,2022
ba_f_2022,bacor,1,2022
ba_f_2022,defe,1,2022
ba_f_2022,emwe,1,2022
ba_f_2022,hamu,1,2022
ba_f_2022,jaho,1,2022
ba_f_2022,luba,1,2022
ba_f_2022,mafu,1,2022
ba_f_2022,mawi,1,2022
ba_f_2022,moai,1,2022
ba_f_2022,mokr,1,2022
ba_f_2022,pani,1,2022
ba_f_2022,phkr,1,2022
ba_f_2022,stko,1,2022
ba_f_2022,stvo,1,2022
ba_f_2022,tidi,1,2022
ba_f_2022,tije,1,2022
ba_f_2022,tofr,1,2022
ba_f_2022,umte,1,2022
ba_f_2022,yasy,1,2022
ba_f_2023,jesa,1,2023
ba_f_2023,adal,1,2023
ba_f_2023,alru,1,2023
ba_f_2023,anko,1,2023
ba_f_2023,baba,1,2023
ba_f_2023,dana,1,2023
ba_f_2023,fyku,1,2023
ba_f_2023,giro,1,2023
ba_f_2023,jesai,1,2023
ba_f_2023,jeha,1,2023
ba_f_2023,jupl,1,2023
ba_f_2023,kaak,1,2023
ba_f_2023,kiwa,1,2023
ba_f_2023,maka,1,2023
ba_f_2023,mife,1,2023
ba_f_2023,ogge,1,2023
ba_f_2023,olsl,1,2023
ba_f_2023,pego,1,2023
ba_f_2023,thva,1,2023
ba_f_2023,timu,1,2023
ba_f_2023,yari,1,2023
ba_f_2024,stst,1,2024
ba_f_2024,aaro,1,2024
ba_f_2024,benn,1,2024
ba_f_2024,bria,1,2024
ba_f_2024,devi,1,2024
ba_f_2024,erik,1,2024
ba_f_2024,fabi,1,2024
ba_f_2024,ferr,1,2024
ba_f_2024,jan,1,2024
ba_f_2024,luka,1,2024
ba_f_2024,marku,1,2024
ba_f_2024,martin,1,2024
ba_f_2024,maxi,1,2024
ba_f_2024,must,1,2024
ba_f_2024,pete,1,2024
ba_f_2024,smit,1,2024
ba_f_2024,akos,1,2024
ba_f_2024,aysu,1,2024
ba_f_2024,emma,1,2024
ba_f_2024,leil,1,2024
ba_f_2024,luna,1,2024
pro7_sat1,hadeb,3,99
hadeb,hadeb_2019,2,2019
hadeb,hadeb_2020,2,2020
hadeb,hadeb_2021,2,2021
hadeb,hadeb_2022,2,2022
hadeb,hadeb_2023,2,2023
hadeb_2019,marcel,1,2019
hadeb_2019,phil,1,2019
hadeb_2019,alexan,1,2019
hadeb_2019,chris,1,2019
hadeb_2019,cindy,1,2019
hadeb_2019,david,1,2019
hadeb_2019,jess,1,2019
hadeb_2019,marce,1,2019
hadeb_2019,melis,1,2019
hadeb_2019,nico,1,2019
hadeb_2019,sama,1,2019
hadeb_2019,serk,1,2019
hadeb_2020,anni,1,2020
hadeb_2020,manue,1,2020
hadeb_2020,emil,1,2020
hadeb_2020,robe,1,2020
hadeb_2020,lisa1,1,2020
hadeb_2020,mich1,1,2020
hadeb_2020,wieb,1,2020
hadeb_2020,norb,1,2020
hadeb_2020,dani,1,2020
hadeb_2020,rene,1,2020
hadeb_2020,aria,1,2020
hadeb_2020,mart,1,2020
hadeb_2020,janin,1,2020
hadeb_2020,denn,1,2020
hadeb_2021,anik,1,2021
hadeb_2021,julia,1,2021
hadeb_2021,lisa2,1,2021
hadeb_2021,manu,1,2021
hadeb_2021,selia,1,2021
hadeb_2021,simon,1,2021
hadeb_2021,david2,1,2021
hadeb_2021,marc,1,2021
hadeb_2021,mario,1,2021
hadeb_2021,mich2,1,2021
hadeb_2021,ralf,1,2021
hadeb_2021,rober,1,2021
hadeb_2022,jaqu,1,2022
hadeb_2022,nata,1,2022
hadeb_2022,king,1,2022
hadeb_2022,mich3,1,2022
hadeb_2022,nadi,1,2022
hadeb_2022,jana,1,2022
hadeb_2022,peter,1,2022
hadeb_2022,oliv,1,2022
hadeb_2022,christ,1,2022
hadeb_2022,denni,1,2022
hadeb_2022,markus1,1,2022
hadeb_2022,mort,1,2022
hadeb_2023,olive,1,2023
hadeb_2023,heik,1,2023
hadeb_2023,robert,1,2023
hadeb_2023,kai,1,2023
hadeb_2023,joch,1,2023
hadeb_2023,kars,1,2023
hadeb_2023,bian,1,2023
hadeb_2023,alexand,1,2023
hadeb_2023,marin,1,2023
hadeb_2023,marina,1,2023
hadeb_2023,mich4,1,2023
hadeb_2023,yasm,1,2023
rtl,bsf,3,99
bsf,bsf_2020,2,2020
bsf,bsf_2021,2,2021
bsf,bsf_2022,2,2022
bsf,bsf_2023,2,2023
bsf,bsf_2024,2,2024
bsf_2020,patr,1,2020
bsf_2020,andy,1,2020
bsf_2020,deni1,1,2020
bsf_2020,rued,1,2020
bsf_2020,simo,1,2020
bsf_2020,thom,1,2020
bsf_2020,leif,1,2020
bsf_2020,lutz,1,2020
bsf_2020,peter2,1,2020
bsf_2020,thou,1,2021
bsf_2021,björ,1,2021
bsf_2021,dirk,1,2021
bsf_2021,enno,1,2021
bsf_2021,hube,1,2021
bsf_2021,lara,1,2021
bsf_2021,math1,1,2021
bsf_2021,math2,1,2021
bsf_2021,olaf,1,2021
bsf_2021,peter1,1,2021
bsf_2021,tors,1,2021
bsf_2021,mike3,1,2021
bsf_2021,nils,1,2021
bsf_2022,logr,1,2022
bsf_2022,mich5,1,2022
bsf_2022,theo,1,2022
bsf_2022,christi,1,2022
bsf_2022,dennis,1,2022
bsf_2022,erik1,1,2022
bsf_2022,Gott,1,2022
bsf_2022,Jörg,1,2022
bsf_2022,Maik,1,2022
bsf_2022,Mario1,1,2022
bsf_2022,Marti1,1,2022
bsf_2022,Max1,1,2022
bsf_2022,Mich6,1,2022
bsf_2022,steffe,1,2022
bsf_2022,tade,1,2022
bsf_2022,ulf,1,2022
bsf_2022,arne,1,2022
bsf_2023,andre1,1,2023
bsf_2023,christo,1,2023
bsf_2023,daniel,1,2023
bsf_2023,dibe,1,2023
bsf_2023,hann,1,2023
bsf_2023,hans,1,2023
bsf_2023,patr,1,2023
bsf_2023,sieg,1,2023
bsf_2023,stefa,1,2023
bsf_2023,steff,1,2023
bsf_2023,steph,1,2023
bsf_2023,caro,1,2023
bsf_2024,hein,1,2024
bsf_2024,saski,1,2024
bsf_2024,max,1,2024
bsf_2024,andre,1,2024
bsf_2024,andr,1,2024
bsf_2024,heino,1,2024
bsf_2024,jenni,1,2024
bsf_2024,konr,1,2024
bsf_2024,manf,1,2024
bsf_2024,marc1,1,2024
bsf_2024,marti,1,2024
bsf_2024,marv,1,2024
bsf_2024,paul,1,2024
bsf_2024,yann,1,2024
rtl,lois,3,99
lois,lois_2020,2,2020
lois,lois_2021,2,2021
lois,lois_2022,2,2022
lois,lois_2023,2,2023
lois,lois_2024,2,2024
lois_2020,anif,1,2020
lois_2020,aula,1,2020
lois_2020,sava,1,2020
lois_2020,gegr,1,2020
lois_2020,meho,1,2020
lois_2020,piju,1,2020
lois_2020,nami,1,2020
lois_2020,luwe,1,2020
lois_2020,jogu,1,2020
lois_2020,hest,1,2020
lois_2020,mazi,1,2020
lois_2020,tiku,1,2020
lois_2020,muur,1,2020
lois_2020,nebu,1,2020
lois_2020,topi,1,2020
lois_2020,mici,1,2020
lois_2020,jojae,1,2020
lois_2020,gieh,1,2020
lois_2020,maba,1,2020
lois_2020,lauma,1,2020
lois_2020,memo,1,2020
lois_2020,jusc,1,2020
lois_2020,kezo,1,2020
lois_2020,mepe,1,2020
lois_2020,chme,1,2020
lois_2021,ansa,1,2021
lois_2021,biba,1,2021
lois_2021,fabio,1,2021
lois_2021,gren,1,2021
lois_2021,iskr,1,2021
lois_2021,juwu,1,2021
lois_2021,liga,1,2021
lois_2021,meho,1,2021
lois_2021,nimo,1,2021
lois_2021,sina,1,2021
lois_2021,admo,1,2021
lois_2021,defe,1,2021
lois_2021,jann,1,2021
lois_2021,kaan,1,2021
lois_2021,madz,1,2021
lois_2021,nimu,1,2021
lois_2021,pahe,1,2021
lois_2021,rowi,1,2021
lois_2021,tiku,1,2021
lois_2021,yaci,1,2021
lois_2022,adsa,1,2022
lois_2022,boba,1,2022
lois_2022,buyo,1,2022
lois_2022,caak,1,2022
lois_2022,chje,1,2022
lois_2022,cind,1,2022
lois_2022,dama,1,2022
lois_2022,inpe,1,2022
lois_2022,jebu,1,2022
lois_2022,jennif,1,2022
lois_2022,jede,1,2022
lois_2022,labar,1,2022
lois_2022,lehe,1,2022
lois_2022,lewe,1,2022
lois_2022,maam,1,2022
lois_2022,mabru,1,2022
lois_2022,nimu,1,2022
lois_2022,sasc,1,2022
lois_2022,saha,1,2022
lois_2022,tosc,1,2022
lois_2022,valea,1,2022
lois_2022,vakl,1,2022
lois_2023,fabi1,1,2023
lois_2023,lezi,1,2023
lois_2023,hamo,1,2023
lois_2023,ray,1,2023
lois_2023,luca1,1,2023
lois_2023,daniel2,1,2023
lois_2023,derr,1,2023
lois_2023,robert1,1,2023
lois_2023,anzo,1,2023
lois_2023,jaso,1,2023
lois_2023,lean,1,2023
lois_2023,deni,1,2023
lois_2023,evma,1,2023
lois_2023,lale,1,2023
lois_2023,alwic,1,2023
lois_2023,vanw,1,2023
lois_2023,celi,1,2023
lois_2023,jean,1,2023
lois_2023,luci,1,2023
lois_2023,vawe,1,2023
lois_2023,mira,1,2023
lois_2024,meda,1,2024
lois_2024,sahe,1,2024
lois_2024,trca,1,2024
lois_2024,aula,1,2024
lois_2024,dacr,1,2024
lois_2024,yeko,1,2024
lois_2024,lubi,1,2024
lois_2024,wico,1,2024
lois_2024,pafa,1,2024
lois_2024,chfr,1,2024
lois_2024,jila,1,2024
lois_2024,kyya,1,2024
lois_2024,spim,1,2024
lois_2024,vikr,1,2024
lois_2024,makr,1,2024
lois_2024,lefu,1,2024
lois_2024,towe,1,2024
lois_2024,yaci,1,2024
lois_2024,alpi,1,2024
